{
  "accuracy": 0.916875,
  "f1_weighted": 0.9166233348351207,
  "f1_macro": 0.9166233348351205,
  "cv_mean": 0.916875,
  "classification_report": {
    "bored": {
      "precision": 0.8783042394014963,
      "recall": 0.8805,
      "f1-score": 0.8794007490636704,
      "support": 2000.0
    },
    "confused": {
      "precision": 0.9576271186440678,
      "recall": 0.9605,
      "f1-score": 0.9590614078881677,
      "support": 2000.0
    },
    "distracted": {
      "precision": 0.8549618320610687,
      "recall": 0.84,
      "f1-score": 0.8474148802017655,
      "support": 2000.0
    },
    "focused": {
      "precision": 0.974802371541502,
      "recall": 0.9865,
      "f1-score": 0.9806163021868787,
      "support": 2000.0
    },
    "accuracy": 0.916875,
    "macro avg": {
      "precision": 0.9164238904120336,
      "recall": 0.916875,
      "f1-score": 0.9166233348351205,
      "support": 8000.0
    },
    "weighted avg": {
      "precision": 0.9164238904120336,
      "recall": 0.916875,
      "f1-score": 0.9166233348351207,
      "support": 8000.0
    }
  }
}