{
  "accuracy": 0.966,
  "f1_weighted": 0.9660152989227706,
  "f1_macro": 0.9660152989227706,
  "cv_mean": 0.9661,
  "cv_std": 0.002,
  "classification_report": {
    "bored": {
      "precision": 0.9498997995991983,
      "recall": 0.948,
      "f1-score": 0.948948948948949,
      "support": 2000.0
    },
    "confused": {
      "precision": 0.988988988988989,
      "recall": 0.988,
      "f1-score": 0.9884942471235618,
      "support": 2000.0
    },
    "distracted": {
      "precision": 0.9362549800796812,
      "recall": 0.94,
      "f1-score": 0.93812375249501,
      "support": 2000.0
    },
    "focused": {
      "precision": 0.988988988988989,
      "recall": 0.988,
      "f1-score": 0.9884942471235618,
      "support": 2000.0
    },
    "accuracy": 0.966,
    "macro avg": {
      "precision": 0.9660331894142143,
      "recall": 0.966,
      "f1-score": 0.9660152989227706,
      "support": 8000.0
    },
    "weighted avg": {
      "precision": 0.9660331894142143,
      "recall": 0.966,
      "f1-score": 0.9660152989227706,
      "support": 8000.0
    }
  }
}