{
  "loss": [
    0.7540599703788757,
    0.4968384802341461,
    0.4286763370037079,
    0.40112289786338806,
    0.39218080043792725,
    0.3773047626018524,
    0.3651561439037323,
    0.3607920706272125,
    0.35270559787750244,
    0.3487705588340759,
    0.34667086601257324,
    0.334962397813797,
    0.33784618973731995,
    0.3265508711338043,
    0.330471396446228,
    0.32642436027526855,
    0.32388556003570557,
    0.32024872303009033,
    0.31889113783836365,
    0.3149910271167755,
    0.31437402963638306,
    0.31263065338134766,
    0.30987653136253357,
    0.30666157603263855,
    0.29925787448883057,
    0.291775107383728,
    0.2919600307941437,
    0.2916242480278015,
    0.2870175242424011,
    0.2878541052341461,
    0.2920374572277069,
    0.28144943714141846,
    0.2823770046234131
  ],
  "accuracy": [
    0.6898828148841858,
    0.7966015338897705,
    0.8250781297683716,
    0.8361718654632568,
    0.8414453268051147,
    0.8448437452316284,
    0.8521093726158142,
    0.8526562452316284,
    0.8565624952316284,
    0.8594531416893005,
    0.8598828315734863,
    0.8647656440734863,
    0.8616796731948853,
    0.8680468797683716,
    0.8668749928474426,
    0.8696874976158142,
    0.8678905963897705,
    0.8709375262260437,
    0.8723046779632568,
    0.8725390434265137,
    0.875195324420929,
    0.8754687309265137,
    0.8756640553474426,
    0.8755468726158142,
    0.8786327838897705,
    0.8815624713897705,
    0.8815624713897705,
    0.882031261920929,
    0.8833593726158142,
    0.8825781345367432,
    0.8834765553474426,
    0.8850781321525574,
    0.8866015672683716
  ],
  "val_loss": [
    0.4480988681316376,
    0.3116435706615448,
    0.2824660539627075,
    0.27205178141593933,
    0.2702113389968872,
    0.26089999079704285,
    0.25463709235191345,
    0.24861162900924683,
    0.25199270248413086,
    0.24934449791908264,
    0.24829502403736115,
    0.24206306040287018,
    0.238376185297966,
    0.23905882239341736,
    0.2331700474023819,
    0.23530341684818268,
    0.2255755066871643,
    0.2241249531507492,
    0.23310129344463348,
    0.23326095938682556,
    0.22040627896785736,
    0.22906513512134552,
    0.22563403844833374,
    0.2203163504600525,
    0.214268758893013,
    0.21580567955970764,
    0.2163541465997696,
    0.20969964563846588,
    0.21258199214935303,
    0.21263280510902405,
    0.21579694747924805,
    0.2110806703567505,
    0.2140912562608719
  ],
  "val_accuracy": [
    0.8442187309265137,
    0.8740624785423279,
    0.8839062452316284,
    0.8920312523841858,
    0.8899999856948853,
    0.8915625214576721,
    0.895312488079071,
    0.8970312476158142,
    0.8979687690734863,
    0.8995312452316284,
    0.8979687690734863,
    0.8985937237739563,
    0.9042187333106995,
    0.8990625143051147,
    0.9039062261581421,
    0.9045312404632568,
    0.9081249833106995,
    0.9059374928474426,
    0.9040625095367432,
    0.901562511920929,
    0.91015625,
    0.9078124761581421,
    0.9064062237739563,
    0.9098437428474426,
    0.9125000238418579,
    0.9128124713897705,
    0.9110937714576721,
    0.9156249761581421,
    0.9112499952316284,
    0.913281261920929,
    0.9120312333106995,
    0.9140625,
    0.9096875190734863
  ],
  "lr": [
    0.0010000000474974513,
    0.0010000000474974513,
    0.0010000000474974513,
    0.0010000000474974513,
    0.0010000000474974513,
    0.0010000000474974513,
    0.0010000000474974513,
    0.0010000000474974513,
    0.0010000000474974513,
    0.0010000000474974513,
    0.0010000000474974513,
    0.0010000000474974513,
    0.0010000000474974513,
    0.0010000000474974513,
    0.0010000000474974513,
    0.0010000000474974513,
    0.0010000000474974513,
    0.0010000000474974513,
    0.0010000000474974513,
    0.0010000000474974513,
    0.0010000000474974513,
    0.0010000000474974513,
    0.0010000000474974513,
    0.0010000000474974513,
    0.0005000000237487257,
    0.0005000000237487257,
    0.0005000000237487257,
    0.0005000000237487257,
    0.0005000000237487257,
    0.0005000000237487257,
    0.0005000000237487257,
    0.0002500000118743628,
    0.0002500000118743628
  ]
}